,Age,Height(cm),Weight(kg),BMI,Running Time(min),Running Speed(km/h),Distance(km),Average Heart Rate,Calories Burned
Age,1.0,-0.11562171104601784,-0.06273627677432349,-0.03649930148667413,0.008984068853069543,-0.11373317641259,-0.02005087858560676,-0.1158989867344259,0.035347780876508895
Height(cm),-0.11562171104601784,1.0,-0.030276436531600885,-0.11593122591258402,0.11231293643394252,-0.02840137269522993,0.06720036281569884,0.06208514350185975,0.10080802591898502
Weight(kg),-0.06273627677432349,-0.030276436531600885,1.0,-0.050566756915765586,-0.10984090923074458,0.061732250217255875,0.018294640762808317,0.017206021135466598,0.0705115895493926
BMI,-0.03649930148667413,-0.11593122591258402,-0.050566756915765586,1.0,-0.03973243692991138,-0.10684137297620122,0.14488835157844449,-0.0469204255962354,-0.059128136540808535
Running Time(min),0.008984068853069543,0.11231293643394252,-0.10984090923074458,-0.03973243692991138,1.0,-0.06110162819554358,-0.05676888653909544,-0.03561685021732687,-0.05669892590802276
Running Speed(km/h),-0.11373317641259,-0.02840137269522993,0.061732250217255875,-0.10684137297620122,-0.06110162819554358,1.0,0.00820507313003991,-0.010709785139884973,0.013206554528503976
Distance(km),-0.02005087858560676,0.06720036281569884,0.018294640762808317,0.14488835157844449,-0.05676888653909544,0.00820507313003991,1.0,0.041554349902769065,-0.051362577737649774
Average Heart Rate,-0.1158989867344259,0.06208514350185975,0.017206021135466598,-0.0469204255962354,-0.03561685021732687,-0.010709785139884973,0.041554349902769065,1.0,0.014701487334401138
Calories Burned,0.035347780876508895,0.10080802591898502,0.0705115895493926,-0.059128136540808535,-0.05669892590802276,0.013206554528503976,-0.051362577737649774,0.014701487334401138,1.0
