Gender,Age,Height(cm),Weight(kg),BMI,Running Time(min),Running Speed(km/h),Distance(km),Average Heart Rate,Calories Burned
0,49,184,74,20.4,78,9.5,3.0,139,973
1,56,182,70,23.2,98,10.2,5.23,165,494
0,49,170,85,27.4,91,10.4,7.61,134,954
0,21,181,59,24.0,89,13.4,14.19,144,570
0,47,172,86,29.8,79,9.8,3.84,149,385
1,54,182,58,22.8,107,10.7,3.11,133,445
0,40,152,73,27.1,104,12.0,3.63,126,836
0,56,167,84,23.0,38,10.0,4.06,136,467
0,62,174,98,28.0,63,13.7,3.45,163,842
1,32,191,84,25.0,105,11.7,8.76,139,436
0,60,180,97,19.2,64,9.4,9.97,155,729
0,46,152,85,18.9,30,12.7,6.26,128,751
0,53,189,67,20.0,69,11.2,7.78,157,220
0,30,195,98,18.7,93,11.3,4.1,167,936
1,49,173,88,19.4,51,10.8,7.04,176,993
0,24,199,81,26.5,89,11.0,9.27,179,719
1,39,181,73,24.6,93,13.1,11.79,141,299
1,45,196,72,27.1,101,7.8,3.04,173,951
1,19,171,81,29.0,40,9.7,8.61,172,677
0,59,172,86,25.2,43,7.6,6.56,172,798
1,62,151,61,26.9,89,13.0,13.23,121,497
0,23,176,98,27.2,59,9.2,11.59,143,725
1,45,191,62,22.8,64,14.2,10.07,127,533
1,45,151,72,21.3,114,11.2,6.33,130,201
1,61,175,74,20.9,66,13.4,13.92,132,574
1,61,166,84,21.4,34,14.8,3.54,136,492
1,37,189,90,21.7,112,13.7,4.31,127,752
1,47,182,79,20.9,107,13.9,7.7,140,517
1,28,158,66,28.6,55,10.3,4.49,137,701
1,45,192,98,27.2,91,11.4,14.48,149,580
0,42,197,69,19.0,33,9.0,12.58,137,822
0,56,188,97,21.6,118,8.6,6.11,165,213
1,50,178,74,18.8,71,11.0,10.06,166,703
1,18,191,71,24.2,118,11.8,14.79,150,430
1,44,175,62,24.0,47,9.7,13.61,157,283
0,30,184,68,28.1,69,11.6,10.21,151,329
1,58,199,98,22.0,101,14.1,13.84,130,942
0,20,174,85,27.9,68,11.5,14.87,164,344
0,56,173,61,29.6,43,12.8,11.92,144,227
0,23,162,90,19.5,61,13.4,3.78,152,265
0,25,156,68,27.6,80,14.9,7.82,179,362
0,44,185,61,25.3,67,11.8,13.05,157,428
1,26,194,58,24.0,52,13.5,5.77,160,460
1,54,169,56,23.3,92,14.7,12.97,127,648
1,50,150,77,27.5,44,14.6,4.44,130,623
1,59,157,63,25.9,54,8.1,3.56,141,659
1,61,195,80,27.8,46,10.3,7.61,170,875
0,41,165,68,28.9,95,9.6,3.44,143,500
1,32,163,96,25.6,107,7.7,14.49,160,502
1,49,161,65,29.8,82,12.1,12.91,136,486
0,49,172,54,25.5,80,12.9,12.61,131,594
1,41,164,84,25.8,68,13.8,10.56,176,209
0,58,177,61,24.9,80,8.0,5.6,165,906
1,29,183,74,19.5,99,14.0,9.22,151,829
0,56,151,70,26.9,35,12.1,10.17,134,469
1,19,181,85,24.8,96,12.6,9.3,135,791
1,20,172,72,23.7,36,14.3,6.12,173,804
0,54,171,65,29.0,80,12.0,9.18,141,977
0,34,174,88,21.9,101,9.7,8.89,147,560
0,19,171,94,24.5,71,13.6,14.96,139,456
0,19,171,91,26.5,93,9.9,13.77,152,332
0,45,198,88,27.7,44,7.3,8.56,129,475
0,40,191,63,23.8,58,13.6,10.48,159,975
0,54,155,80,28.2,62,9.8,11.97,151,882
0,49,164,54,27.3,56,13.2,3.42,169,712
1,50,192,84,19.3,65,9.9,13.74,179,512
1,18,186,72,19.0,58,13.9,13.32,152,775
0,36,182,78,25.6,67,8.8,8.49,121,483
1,19,157,92,22.5,86,14.8,7.69,152,320
1,61,193,60,20.9,56,13.2,6.28,152,306
1,43,193,67,25.2,84,7.9,8.72,160,886
1,49,154,96,22.4,62,11.5,3.53,132,403
0,23,188,61,24.7,97,14.9,13.23,149,364
1,49,153,58,23.8,115,10.8,3.43,152,504
0,21,155,59,25.2,95,8.5,6.95,132,696
1,28,194,93,23.1,39,10.9,14.18,171,831
1,34,181,66,26.5,34,11.1,11.82,145,755
1,55,179,87,20.6,103,12.9,6.38,141,355
0,41,196,56,26.5,67,12.6,6.03,158,566
1,22,184,95,23.2,42,10.2,3.06,121,918
0,51,189,62,28.6,60,8.7,11.35,157,819
1,23,165,89,24.4,76,12.2,3.59,158,450
0,39,162,91,29.7,117,10.4,9.39,145,533
1,28,199,58,25.4,81,8.1,14.55,165,841
0,33,191,99,21.1,85,14.2,4.31,177,710
0,50,179,76,28.0,44,12.5,13.73,169,492
1,26,168,51,22.5,58,12.5,14.9,134,219
0,23,166,54,22.5,37,13.6,3.74,153,481
1,33,168,78,18.9,34,11.2,13.59,161,996
1,46,177,86,24.8,58,13.5,9.19,174,200
1,20,175,87,24.6,76,11.0,13.88,163,318
1,37,186,68,22.6,97,7.5,9.86,168,234
1,53,175,57,28.8,105,10.2,10.95,159,397
1,36,172,97,20.0,74,11.0,9.53,130,684
1,43,158,94,22.3,31,12.8,13.37,122,956
1,20,161,50,22.2,56,7.9,11.81,178,258
1,36,150,71,19.6,65,8.1,9.26,125,360
1,37,150,66,24.0,65,9.1,13.42,128,890
1,49,196,56,26.4,55,9.1,5.94,125,405
0,24,183,74,24.4,72,12.9,4.89,128,211
0,58,181,94,20.3,56,9.0,4.92,158,689
1,50,197,53,22.8,98,12.1,7.01,150,475
1,57,174,85,18.5,49,11.0,5.86,151,892
1,56,189,55,28.5,40,11.6,14.16,160,441
1,35,194,80,19.5,103,13.7,4.27,169,415
1,57,150,68,25.4,67,10.2,11.39,131,450
1,18,165,93,29.8,35,13.2,5.27,127,325
1,28,188,88,24.7,101,10.4,13.58,127,416
1,45,154,76,29.1,52,9.8,14.54,169,505
0,42,171,59,21.2,76,14.7,8.59,147,996
1,40,178,75,27.2,119,8.5,13.55,139,384
0,48,152,68,24.6,75,7.7,3.06,166,238
1,47,161,88,26.8,41,13.2,12.84,178,422
1,59,175,52,19.2,119,7.5,5.74,126,383
0,52,165,94,20.2,42,13.7,13.9,130,694
1,24,186,62,20.0,91,10.5,3.01,139,626
0,33,171,99,26.4,111,14.3,9.67,135,377
1,43,178,77,28.2,118,12.8,12.08,123,627
1,19,163,69,27.1,89,11.9,6.1,125,493
0,18,177,77,18.9,72,14.6,5.32,177,350
1,29,154,57,28.5,105,10.2,4.01,141,583
0,22,196,90,22.6,97,14.6,6.92,145,837
1,54,198,88,23.1,34,8.1,9.72,122,507
0,49,179,50,19.7,66,10.9,4.39,160,535
0,26,195,52,27.0,101,9.2,7.52,179,945
1,58,154,62,20.6,60,11.3,3.11,161,574
1,52,161,77,25.0,38,8.3,12.82,133,207
0,36,165,98,28.2,80,13.7,4.54,130,540
1,33,175,74,19.5,58,13.8,6.4,137,328
1,20,175,82,24.7,107,14.6,3.22,173,975
1,37,197,87,21.2,69,8.2,8.19,131,868
0,41,170,55,22.4,70,12.0,13.08,142,551
0,50,188,93,24.0,115,10.8,7.71,131,557
0,41,185,94,22.6,40,9.8,5.15,132,716
0,28,182,81,26.0,52,9.8,12.04,144,694
0,25,179,94,24.0,30,10.3,12.47,164,285
0,53,186,96,25.2,75,12.6,5.09,170,374
0,55,172,70,27.0,50,11.8,12.25,177,392
0,57,159,65,24.9,119,10.7,14.37,138,510
0,37,154,70,25.2,65,7.6,5.0,174,318
1,52,185,60,25.0,83,7.6,12.25,165,417
0,42,183,86,22.9,116,7.0,11.5,155,626
1,52,180,85,22.4,86,14.7,8.68,164,613
1,42,159,84,28.8,30,7.0,3.7,127,313
1,46,168,68,25.5,92,7.8,3.9,148,344
0,35,181,69,21.3,83,9.5,13.23,174,737
0,63,150,67,24.2,84,13.5,14.88,172,847
0,35,154,96,22.3,69,14.7,11.11,174,502
0,19,194,90,29.2,44,13.3,8.35,151,943
1,52,153,98,18.6,50,12.5,10.77,170,787
0,33,165,63,21.1,76,11.2,10.13,163,544
0,58,173,64,22.7,102,7.7,7.6,137,200
0,53,165,80,24.1,82,14.7,3.79,125,346
0,50,151,50,28.3,38,13.1,12.86,137,486
0,21,198,52,19.5,103,12.1,7.46,138,853
1,50,177,65,27.8,81,13.1,12.83,141,252
0,31,181,72,19.1,86,12.8,6.03,156,503
1,38,176,60,28.2,55,12.1,3.01,151,268
0,37,169,61,19.1,70,14.8,4.91,175,560
1,25,173,59,18.7,64,14.2,8.62,160,801
0,24,161,81,26.5,92,12.2,14.33,178,419
0,20,199,65,30.0,54,12.5,4.23,122,903
1,34,184,57,28.8,119,7.4,13.25,147,774
1,50,182,87,25.1,104,12.4,9.32,129,784
1,29,182,61,29.1,67,7.4,12.91,170,360
0,39,192,73,18.6,31,11.7,6.58,154,880
1,39,186,77,29.7,36,15.0,13.08,148,288
0,63,161,57,24.1,111,11.4,12.27,173,887
0,47,152,77,26.8,63,10.8,5.76,134,980
1,55,150,85,27.9,46,9.5,4.58,152,784
1,55,182,75,26.8,72,8.0,13.42,126,956
0,62,189,57,24.7,88,12.8,14.56,131,788
0,25,159,99,24.0,80,8.5,3.38,168,358
1,44,192,77,28.1,83,7.9,11.78,149,688
1,44,193,77,20.9,53,10.4,13.91,140,523
1,51,178,86,29.6,54,13.4,13.29,150,809
0,38,162,90,26.7,100,13.0,14.57,177,580
0,47,161,85,20.8,81,7.4,12.12,143,301
0,50,180,76,27.0,99,10.6,8.31,139,693
0,45,195,66,24.6,117,11.2,6.74,156,843
0,64,151,58,26.6,62,12.2,6.85,123,813
0,50,199,82,27.3,78,12.2,11.69,147,218
1,22,184,69,19.5,58,9.9,11.95,163,653
0,36,172,62,24.3,92,11.5,5.4,139,681
0,21,166,77,29.2,51,10.8,13.42,179,793
0,52,175,97,22.2,55,14.1,11.58,143,596
1,34,157,78,25.3,57,11.2,9.75,169,478
0,61,178,62,22.7,114,10.5,8.66,168,564
0,45,175,95,23.7,78,10.2,9.52,170,530
1,47,159,84,24.8,100,11.6,4.91,151,840
0,46,175,55,24.8,110,13.4,5.44,160,543
0,63,183,67,20.8,113,11.3,4.09,155,654
0,23,190,54,26.4,78,12.3,4.84,177,800
0,52,156,96,19.5,49,12.9,8.44,172,924
0,58,153,74,20.1,115,11.2,9.36,153,854
1,54,199,51,18.5,92,10.4,3.21,155,264
1,41,194,59,19.8,90,14.0,12.56,121,275
1,46,160,79,23.9,78,10.3,6.53,134,910
0,63,178,99,25.5,100,10.7,13.94,153,342
0,48,185,94,27.6,30,14.9,14.61,155,804
