,count,mean,std,min,25%,50%,75%,max
Age,200.0,41.385,13.225784737003236,18.0,30.0,44.0,52.0,64.0
Height(cm),200.0,175.095,14.26616952670983,150.0,163.75,175.0,186.0,199.0
Weight(kg),200.0,75.185,14.106585475190098,50.0,62.0,74.5,87.0,99.0
BMI,200.0,24.243999999999996,3.2435578207708,18.5,21.55,24.6,27.0,30.0
Running Time(min),200.0,74.34,25.028915940684072,30.0,55.0,74.5,95.0,119.0
Running Speed(km/h),200.0,11.341500000000002,2.1677693302901795,7.0,9.8,11.350000000000001,13.125,15.0
Distance(km),200.0,8.926549999999999,3.819304127401736,3.0,5.380000000000001,8.825,12.6625,14.96
Average Heart Rate,200.0,149.82,16.949158381738197,121.0,135.0,150.5,164.25,179.0
Calories Burned,200.0,584.085,228.28965946378398,200.0,395.75,554.0,791.5,996.0
